{"info":{"year":"2024","version":"2","description":"Exported from roboflow.com","contributor":"","url":"https://public.roboflow.com/object-detection/undefined","date_created":"2024-12-25T03:05:14+00:00"},"licenses":[{"id":1,"url":"https://creativecommons.org/licenses/by/4.0/","name":"CC BY 4.0"}],"categories":[{"id":0,"name":"pot","supercategory":"none"},{"id":1,"name":"pot","supercategory":"pot"}],"images":[{"id":0,"license":1,"file_name":"OIP-6-_jpg.rf.013e3c3b5f208e76649ee7faadfa52a2.jpg","height":256,"width":256,"date_captured":"2024-12-25T03:05:14+00:00"},{"id":1,"license":1,"file_name":"011_jpg.rf.182648021ceaaf7939d939b721ef5733.jpg","height":256,"width":256,"date_captured":"2024-12-25T03:05:14+00:00"},{"id":2,"license":1,"file_name":"pot_png.rf.105d4ff3a72a50270e60a74ad0f77148.jpg","height":256,"width":256,"date_captured":"2024-12-25T03:05:14+00:00"},{"id":3,"license":1,"file_name":"004_jpg.rf.024f4e4dcc7b603ef2e364639312b29b.jpg","height":256,"width":256,"date_captured":"2024-12-25T03:05:14+00:00"},{"id":4,"license":1,"file_name":"OIP-5-_jpg.rf.1e2446a54ba8bc9c95b05f973b5ec878.jpg","height":256,"width":256,"date_captured":"2024-12-25T03:05:14+00:00"},{"id":5,"license":1,"file_name":"-www-bing-com-52-v2-db7a40082b68ec9276287d9b563a6445_r_jpg.rf.208ae6d8a43525be03a349168172b289.jpg","height":256,"width":256,"date_captured":"2024-12-25T03:05:14+00:00"},{"id":6,"license":1,"file_name":"-www-bing-com-411-01bdb35dad1797a8012163ba34598b_jpg.rf.1e27f14948ef2c81d72b2091b9b40552.jpg","height":256,"width":256,"date_captured":"2024-12-25T03:05:14+00:00"},{"id":7,"license":1,"file_name":"IMG_20230816_103839_jpg.rf.224ea7b629fe911c17b998296bde4eec.jpg","height":256,"width":256,"date_captured":"2024-12-25T03:05:14+00:00"},{"id":8,"license":1,"file_name":"OIP-16-_jpg.rf.06d393f83e146bf01ef58486afaeaf5a.jpg","height":256,"width":256,"date_captured":"2024-12-25T03:05:14+00:00"},{"id":9,"license":1,"file_name":"OIP-11-_jpg.rf.1e6016f6eb34a1930a0c8c151cdea6d3.jpg","height":256,"width":256,"date_captured":"2024-12-25T03:05:14+00:00"},{"id":10,"license":1,"file_name":"-www-bing-com-70-5e268156d3e44397aed6cf43bfe595c6_jpg.rf.192ea2073588064a33daa76179eb80f8.jpg","height":256,"width":256,"date_captured":"2024-12-25T03:05:14+00:00"},{"id":11,"license":1,"file_name":"013_jpg.rf.226bcae14dc5e509f162a56ba235dfdf.jpg","height":256,"width":256,"date_captured":"2024-12-25T03:05:14+00:00"},{"id":12,"license":1,"file_name":"-www-bing-com-73-8610798309_1095782931_jpg.rf.23f15baa5314a2feb2a426ae230b208c.jpg","height":256,"width":256,"date_captured":"2024-12-25T03:05:14+00:00"},{"id":13,"license":1,"file_name":"OIP-5-_jpg.rf.300585e6e9c86140545b569817c36d70.jpg","height":256,"width":256,"date_captured":"2024-12-25T03:05:14+00:00"},{"id":14,"license":1,"file_name":"OIP-11-_jpg.rf.2d7e674cbb2646b1c9126ce2e666440c.jpg","height":256,"width":256,"date_captured":"2024-12-25T03:05:14+00:00"},{"id":15,"license":1,"file_name":"OIP-17-_jpg.rf.2e12211ae1c100f4396d7bd726a41310.jpg","height":256,"width":256,"date_captured":"2024-12-25T03:05:14+00:00"},{"id":16,"license":1,"file_name":"-www-bing-com-49130-_jpg.rf.3ca6b63ee8a9eca7112b2a570bc03de3.jpg","height":256,"width":256,"date_captured":"2024-12-25T03:05:14+00:00"},{"id":17,"license":1,"file_name":"OIP-17-_jpg.rf.1a95b8f2840b043c7845792ea653788d.jpg","height":256,"width":256,"date_captured":"2024-12-25T03:05:14+00:00"},{"id":18,"license":1,"file_name":"009_png.rf.3de1418d5553fdef64dbb6964da537e0.jpg","height":256,"width":256,"date_captured":"2024-12-25T03:05:14+00:00"},{"id":19,"license":1,"file_name":"OIP-13-_jpg.rf.39f65d0f3b37f11a06cb9a92107974fa.jpg","height":256,"width":256,"date_captured":"2024-12-25T03:05:14+00:00"},{"id":20,"license":1,"file_name":"-www-bing-com-70-5e268156d3e44397aed6cf43bfe595c6_jpg.rf.42d1f5cec8db2a00b7dc627f99f8c3a4.jpg","height":256,"width":256,"date_captured":"2024-12-25T03:05:14+00:00"},{"id":21,"license":1,"file_name":"-www-bing-com-411-01bdb35dad1797a8012163ba34598b_jpg.rf.4cc95c5e20897a55865649800ca540d4.jpg","height":256,"width":256,"date_captured":"2024-12-25T03:05:14+00:00"},{"id":22,"license":1,"file_name":"006_jpg.rf.429967abc58e4d09008e5dd433a0628f.jpg","height":256,"width":256,"date_captured":"2024-12-25T03:05:14+00:00"},{"id":23,"license":1,"file_name":"007_jpg.rf.6395e341b4ee1a83b46808db93059699.jpg","height":256,"width":256,"date_captured":"2024-12-25T03:05:14+00:00"},{"id":24,"license":1,"file_name":"OIP-5-_jpg.rf.4a3d1adc0568b549f8abd94def113bcb.jpg","height":256,"width":256,"date_captured":"2024-12-25T03:05:14+00:00"},{"id":25,"license":1,"file_name":"013_jpg.rf.37046b7c435d6798c7d9371771d4cdc4.jpg","height":256,"width":256,"date_captured":"2024-12-25T03:05:14+00:00"},{"id":26,"license":1,"file_name":"OIP-6-_jpg.rf.5866d3520efcd8738be6713e82c9e29e.jpg","height":256,"width":256,"date_captured":"2024-12-25T03:05:14+00:00"},{"id":27,"license":1,"file_name":"-www-bing-com-70-5e268156d3e44397aed6cf43bfe595c6_jpg.rf.4c9482c6349537be74830f204081423a.jpg","height":256,"width":256,"date_captured":"2024-12-25T03:05:14+00:00"},{"id":28,"license":1,"file_name":"OIP-14-_jpg.rf.525dd8f314a5f3e4743cd4ebaae3a0d0.jpg","height":256,"width":256,"date_captured":"2024-12-25T03:05:14+00:00"},{"id":29,"license":1,"file_name":"002_jpg.rf.5740af9328a278f0ed0f192f40558abe.jpg","height":256,"width":256,"date_captured":"2024-12-25T03:05:14+00:00"},{"id":30,"license":1,"file_name":"-_jpg.rf.413eb763267b05e45cad2357d8e685ae.jpg","height":256,"width":256,"date_captured":"2024-12-25T03:05:14+00:00"},{"id":31,"license":1,"file_name":"OIP-6-_jpg.rf.4936fd1d433b6f6d8fc83e25e1354e05.jpg","height":256,"width":256,"date_captured":"2024-12-25T03:05:14+00:00"},{"id":32,"license":1,"file_name":"010_jpg.rf.69615940e5cfeb42a8035e4b4ca3694b.jpg","height":256,"width":256,"date_captured":"2024-12-25T03:05:14+00:00"},{"id":33,"license":1,"file_name":"013_jpg.rf.66585670aff5be48fc3c6aaf2aaa2864.jpg","height":256,"width":256,"date_captured":"2024-12-25T03:05:14+00:00"},{"id":34,"license":1,"file_name":"OIP-2-_jpg.rf.4eaa5af61480e07178b0bc8054e0511e.jpg","height":256,"width":256,"date_captured":"2024-12-25T03:05:14+00:00"},{"id":35,"license":1,"file_name":"OIP-17-_jpg.rf.6a70513270d0a8cf256e3a74a8d627e2.jpg","height":256,"width":256,"date_captured":"2024-12-25T03:05:14+00:00"},{"id":36,"license":1,"file_name":"013_jpg.rf.61b0a341f0b03de7e174905cc4a932d2.jpg","height":256,"width":256,"date_captured":"2024-12-25T03:05:14+00:00"},{"id":37,"license":1,"file_name":"004_jpg.rf.64a2a7a622c24bac25bfc545dd0b8da6.jpg","height":256,"width":256,"date_captured":"2024-12-25T03:05:14+00:00"},{"id":38,"license":1,"file_name":"009_png.rf.6a25010a488f5d72175ecf11d4a8258b.jpg","height":256,"width":256,"date_captured":"2024-12-25T03:05:14+00:00"},{"id":39,"license":1,"file_name":"IMG_20230816_103839_jpg.rf.3fef790afaa681e60d597e01b356f4b4.jpg","height":256,"width":256,"date_captured":"2024-12-25T03:05:14+00:00"},{"id":40,"license":1,"file_name":"OIP-2-_jpg.rf.6cf10ab46847247a28b0c52135981d47.jpg","height":256,"width":256,"date_captured":"2024-12-25T03:05:14+00:00"},{"id":41,"license":1,"file_name":"011_jpg.rf.556af6dbd23c120b6dfb334933978ca8.jpg","height":256,"width":256,"date_captured":"2024-12-25T03:05:14+00:00"},{"id":42,"license":1,"file_name":"-www-bing-com-49130-_jpg.rf.765c431d87f667ec5bba1a2bfc9ecd72.jpg","height":256,"width":256,"date_captured":"2024-12-25T03:05:14+00:00"},{"id":43,"license":1,"file_name":"-www-bing-com-73-8610798309_1095782931_jpg.rf.54af4c08637990f0fe2a471f3f9c7b4f.jpg","height":256,"width":256,"date_captured":"2024-12-25T03:05:14+00:00"},{"id":44,"license":1,"file_name":"OIP-5-_jpg.rf.726e06c1ebb2d52f281c0657df067acb.jpg","height":256,"width":256,"date_captured":"2024-12-25T03:05:14+00:00"},{"id":45,"license":1,"file_name":"OIP-16-_jpg.rf.6e87e94cf4d9eccc23a2a1706a731842.jpg","height":256,"width":256,"date_captured":"2024-12-25T03:05:14+00:00"},{"id":46,"license":1,"file_name":"-www-bing-com-49130-_jpg.rf.75453f57ac424f7e51aadb5604e039d4.jpg","height":256,"width":256,"date_captured":"2024-12-25T03:05:14+00:00"},{"id":47,"license":1,"file_name":"pot_png.rf.7f45d6a4efc4183863a036d875be65d6.jpg","height":256,"width":256,"date_captured":"2024-12-25T03:05:14+00:00"},{"id":48,"license":1,"file_name":"010_jpg.rf.7e48e1967def3a167069a93e596edfec.jpg","height":256,"width":256,"date_captured":"2024-12-25T03:05:14+00:00"},{"id":49,"license":1,"file_name":"OIP-5-_jpg.rf.7708e0424c2ba77e43531a508417a380.jpg","height":256,"width":256,"date_captured":"2024-12-25T03:05:14+00:00"},{"id":50,"license":1,"file_name":"-www-bing-com-73-8610798309_1095782931_jpg.rf.80b7fcec53d45877e85ecf47639bfb03.jpg","height":256,"width":256,"date_captured":"2024-12-25T03:05:14+00:00"},{"id":51,"license":1,"file_name":"pot_png.rf.58575fa3cd1ea1127552980a8c252448.jpg","height":256,"width":256,"date_captured":"2024-12-25T03:05:14+00:00"},{"id":52,"license":1,"file_name":"-www-bing-com-411-01bdb35dad1797a8012163ba34598b_jpg.rf.88210475a1878ab119b4c28b42042f4a.jpg","height":256,"width":256,"date_captured":"2024-12-25T03:05:14+00:00"},{"id":53,"license":1,"file_name":"006_jpg.rf.8cab50178d5f81a61c33cd58fced4a46.jpg","height":256,"width":256,"date_captured":"2024-12-25T03:05:14+00:00"},{"id":54,"license":1,"file_name":"010_jpg.rf.77aa17634bc75d314ca6f4075fb5c641.jpg","height":256,"width":256,"date_captured":"2024-12-25T03:05:14+00:00"},{"id":55,"license":1,"file_name":"002_jpg.rf.9a1e1c9d269d3dbc1aeb13e104d06d8e.jpg","height":256,"width":256,"date_captured":"2024-12-25T03:05:14+00:00"},{"id":56,"license":1,"file_name":"013_jpg.rf.8fc59781286b5286b2d4486ad7cc7a22.jpg","height":256,"width":256,"date_captured":"2024-12-25T03:05:14+00:00"},{"id":57,"license":1,"file_name":"OIP-10-_jpg.rf.9dd1cc93459957d0bf14ee062ba0dc5f.jpg","height":256,"width":256,"date_captured":"2024-12-25T03:05:14+00:00"},{"id":58,"license":1,"file_name":"OIP-10-_jpg.rf.8eb0da72006a261a5e64564a276927fc.jpg","height":256,"width":256,"date_captured":"2024-12-25T03:05:14+00:00"},{"id":59,"license":1,"file_name":"OIP-10-_jpg.rf.9ee36135055d39254e1a302e0afbf7e3.jpg","height":256,"width":256,"date_captured":"2024-12-25T03:05:14+00:00"},{"id":60,"license":1,"file_name":"010_jpg.rf.9cfdd90444da7ceb68f6c4d3306bf987.jpg","height":256,"width":256,"date_captured":"2024-12-25T03:05:14+00:00"},{"id":61,"license":1,"file_name":"OIP-11-_jpg.rf.9efee922424b57e001e4ed3e37cf0078.jpg","height":256,"width":256,"date_captured":"2024-12-25T03:05:14+00:00"},{"id":62,"license":1,"file_name":"OIP-2-_jpg.rf.94384c9073be731f1150b01cc733d4dd.jpg","height":256,"width":256,"date_captured":"2024-12-25T03:05:14+00:00"},{"id":63,"license":1,"file_name":"OIP-13-_jpg.rf.a554b5a060b19f479121dfc64b216f58.jpg","height":256,"width":256,"date_captured":"2024-12-25T03:05:14+00:00"},{"id":64,"license":1,"file_name":"010_jpg.rf.9f83b143f9eb6b989832b93fa5befb18.jpg","height":256,"width":256,"date_captured":"2024-12-25T03:05:14+00:00"},{"id":65,"license":1,"file_name":"006_jpg.rf.a2b37b65bfea263f0dfd7145c54ec931.jpg","height":256,"width":256,"date_captured":"2024-12-25T03:05:14+00:00"},{"id":66,"license":1,"file_name":"013_jpg.rf.a89727ce1f4fc8d8863bfb4e5e495d4e.jpg","height":256,"width":256,"date_captured":"2024-12-25T03:05:14+00:00"},{"id":67,"license":1,"file_name":"009_png.rf.b1998ec7490600669b748f23215766af.jpg","height":256,"width":256,"date_captured":"2024-12-25T03:05:14+00:00"},{"id":68,"license":1,"file_name":"OIP-14-_jpg.rf.ac999e54511220882d2590f95e214a67.jpg","height":256,"width":256,"date_captured":"2024-12-25T03:05:14+00:00"},{"id":69,"license":1,"file_name":"-_jpg.rf.a376c047427f530735c24ea67bf8b772.jpg","height":256,"width":256,"date_captured":"2024-12-25T03:05:14+00:00"},{"id":70,"license":1,"file_name":"OIP-16-_jpg.rf.a9eec4ce8b0e1c61886c82150830c8c3.jpg","height":256,"width":256,"date_captured":"2024-12-25T03:05:14+00:00"},{"id":71,"license":1,"file_name":"007_jpg.rf.bd1cfdb420696caacf2cd3a1e469f119.jpg","height":256,"width":256,"date_captured":"2024-12-25T03:05:14+00:00"},{"id":72,"license":1,"file_name":"002_jpg.rf.d3ea993bc787a0e81014392256737814.jpg","height":256,"width":256,"date_captured":"2024-12-25T03:05:14+00:00"},{"id":73,"license":1,"file_name":"010_jpg.rf.8df3d74af7cb8e332030936f6926b34e.jpg","height":256,"width":256,"date_captured":"2024-12-25T03:05:14+00:00"},{"id":74,"license":1,"file_name":"OIP_jpg.rf.de5af2c59786bc7341acb38609bcd0d1.jpg","height":256,"width":256,"date_captured":"2024-12-25T03:05:14+00:00"},{"id":75,"license":1,"file_name":"004_jpg.rf.905b4de3d193ec42b56c9e7c6f75bc5c.jpg","height":256,"width":256,"date_captured":"2024-12-25T03:05:14+00:00"},{"id":76,"license":1,"file_name":"-www-bing-com-52-v2-db7a40082b68ec9276287d9b563a6445_r_jpg.rf.4133ccae3106acb9c92c9c6f7167c479.jpg","height":256,"width":256,"date_captured":"2024-12-25T03:05:14+00:00"},{"id":77,"license":1,"file_name":"OIP-13-_jpg.rf.f89a272154289493a885b8c9c788c88e.jpg","height":256,"width":256,"date_captured":"2024-12-25T03:05:14+00:00"},{"id":78,"license":1,"file_name":"OIP_jpg.rf.f0820aa66f1f923cbdde753b75d59eab.jpg","height":256,"width":256,"date_captured":"2024-12-25T03:05:14+00:00"},{"id":79,"license":1,"file_name":"-www-bing-com-52-v2-db7a40082b68ec9276287d9b563a6445_r_jpg.rf.eed12775481661b6c9ef3fe7c6c56a0f.jpg","height":256,"width":256,"date_captured":"2024-12-25T03:05:14+00:00"},{"id":80,"license":1,"file_name":"011_jpg.rf.f1354c6c6849069eead26c47c67d62b2.jpg","height":256,"width":256,"date_captured":"2024-12-25T03:05:14+00:00"},{"id":81,"license":1,"file_name":"-_jpg.rf.eb601ad4dd62482341786f13b67ca015.jpg","height":256,"width":256,"date_captured":"2024-12-25T03:05:14+00:00"},{"id":82,"license":1,"file_name":"007_jpg.rf.fd1f970a5c87a9ad67ec7504911fc1f6.jpg","height":256,"width":256,"date_captured":"2024-12-25T03:05:14+00:00"},{"id":83,"license":1,"file_name":"OIP_jpg.rf.e03b0397499366747fde4d6821d7ebb7.jpg","height":256,"width":256,"date_captured":"2024-12-25T03:05:14+00:00"},{"id":84,"license":1,"file_name":"OIP-14-_jpg.rf.f52c9d1ac3453269c2f5477a84cf19e9.jpg","height":256,"width":256,"date_captured":"2024-12-25T03:05:14+00:00"},{"id":85,"license":1,"file_name":"IMG_20230816_103839_jpg.rf.f36269db59851ced6870f797ff1fc7ba.jpg","height":256,"width":256,"date_captured":"2024-12-25T03:05:14+00:00"},{"id":86,"license":1,"file_name":"OIP-5-_jpg.rf.e1cc095b0e208169823311de2360befd.jpg","height":256,"width":256,"date_captured":"2024-12-25T03:05:14+00:00"}],"annotations":[{"id":0,"image_id":0,"category_id":1,"bbox":[13,52,173,108],"area":18684,"segmentation":[],"iscrowd":0},{"id":1,"image_id":1,"category_id":1,"bbox":[0,81,203,132],"area":26796,"segmentation":[],"iscrowd":0},{"id":2,"image_id":2,"category_id":1,"bbox":[15,59,200,167],"area":33400,"segmentation":[],"iscrowd":0},{"id":3,"image_id":3,"category_id":1,"bbox":[42,61,158,122],"area":19276,"segmentation":[],"iscrowd":0},{"id":4,"image_id":4,"category_id":1,"bbox":[3,86,200,137],"area":27400,"segmentation":[],"iscrowd":0},{"id":5,"image_id":5,"category_id":1,"bbox":[127,130,123,90],"area":11070,"segmentation":[],"iscrowd":0},{"id":6,"image_id":5,"category_id":1,"bbox":[63,59,116,96],"area":11136,"segmentation":[],"iscrowd":0},{"id":7,"image_id":6,"category_id":1,"bbox":[76,79,113,109],"area":12317,"segmentation":[],"iscrowd":0},{"id":8,"image_id":7,"category_id":1,"bbox":[115,91,123,100],"area":12300,"segmentation":[],"iscrowd":0},{"id":9,"image_id":8,"category_id":1,"bbox":[0,60,195,143],"area":27885,"segmentation":[],"iscrowd":0},{"id":10,"image_id":9,"category_id":1,"bbox":[71,87,146,95],"area":13870,"segmentation":[],"iscrowd":0},{"id":11,"image_id":10,"category_id":1,"bbox":[88,128,87,81],"area":7047,"segmentation":[],"iscrowd":0},{"id":12,"image_id":11,"category_id":1,"bbox":[11,74,151,119],"area":17969,"segmentation":[],"iscrowd":0},{"id":13,"image_id":12,"category_id":1,"bbox":[90,99,104,84],"area":8736,"segmentation":[],"iscrowd":0},{"id":14,"image_id":13,"category_id":1,"bbox":[0,0,256,240],"area":61440,"segmentation":[],"iscrowd":0},{"id":15,"image_id":14,"category_id":1,"bbox":[66,74,158,116],"area":18328,"segmentation":[],"iscrowd":0},{"id":16,"image_id":15,"category_id":1,"bbox":[71,43,177,130],"area":23010,"segmentation":[],"iscrowd":0},{"id":17,"image_id":16,"category_id":1,"bbox":[0,45,162,155],"area":25110,"segmentation":[],"iscrowd":0},{"id":18,"image_id":17,"category_id":1,"bbox":[75,49,165,111],"area":18315,"segmentation":[],"iscrowd":0},{"id":19,"image_id":18,"category_id":1,"bbox":[10,80,189,153],"area":28917,"segmentation":[],"iscrowd":0},{"id":20,"image_id":19,"category_id":1,"bbox":[124,83,132,130],"area":17160,"segmentation":[],"iscrowd":0},{"id":21,"image_id":20,"category_id":1,"bbox":[74,121,100,95],"area":9500,"segmentation":[],"iscrowd":0},{"id":22,"image_id":21,"category_id":1,"bbox":[84,89,95,90],"area":8550,"segmentation":[],"iscrowd":0},{"id":23,"image_id":22,"category_id":1,"bbox":[69,78,181,160],"area":28960,"segmentation":[],"iscrowd":0},{"id":24,"image_id":23,"category_id":1,"bbox":[9,98,190,108],"area":20520,"segmentation":[],"iscrowd":0},{"id":25,"image_id":24,"category_id":1,"bbox":[13,21,236,199],"area":46964,"segmentation":[],"iscrowd":0},{"id":26,"image_id":25,"category_id":1,"bbox":[27,87,186,129],"area":23994,"segmentation":[],"iscrowd":0},{"id":27,"image_id":26,"category_id":1,"bbox":[21,58,163,89],"area":14507,"segmentation":[],"iscrowd":0},{"id":28,"image_id":27,"category_id":1,"bbox":[88,124,94,88],"area":8272,"segmentation":[],"iscrowd":0},{"id":29,"image_id":28,"category_id":1,"bbox":[10,68,142,111],"area":15762,"segmentation":[],"iscrowd":0},{"id":30,"image_id":29,"category_id":1,"bbox":[19,61,166,105],"area":17430,"segmentation":[],"iscrowd":0},{"id":31,"image_id":30,"category_id":1,"bbox":[0,44,200,155],"area":31000,"segmentation":[],"iscrowd":0},{"id":32,"image_id":31,"category_id":1,"bbox":[19,34,180,126],"area":22680,"segmentation":[],"iscrowd":0},{"id":33,"image_id":32,"category_id":1,"bbox":[68,43,169,124],"area":20956,"segmentation":[],"iscrowd":0},{"id":34,"image_id":33,"category_id":1,"bbox":[31,103,169,93],"area":15717,"segmentation":[],"iscrowd":0},{"id":35,"image_id":34,"category_id":1,"bbox":[8,91,139,92],"area":12788,"segmentation":[],"iscrowd":0},{"id":36,"image_id":35,"category_id":1,"bbox":[69,39,186,145],"area":26970,"segmentation":[],"iscrowd":0},{"id":37,"image_id":36,"category_id":1,"bbox":[12,75,149,116],"area":17284,"segmentation":[],"iscrowd":0},{"id":38,"image_id":37,"category_id":1,"bbox":[33,45,180,152],"area":27360,"segmentation":[],"iscrowd":0},{"id":39,"image_id":38,"category_id":1,"bbox":[14,89,171,126],"area":21546,"segmentation":[],"iscrowd":0},{"id":40,"image_id":39,"category_id":1,"bbox":[112,82,131,110],"area":14410,"segmentation":[],"iscrowd":0},{"id":41,"image_id":40,"category_id":1,"bbox":[4,90,154,119],"area":18326,"segmentation":[],"iscrowd":0},{"id":42,"image_id":41,"category_id":1,"bbox":[0,83,198,122],"area":24156,"segmentation":[],"iscrowd":0},{"id":43,"image_id":42,"category_id":1,"bbox":[5,70,146,127],"area":18542,"segmentation":[],"iscrowd":0},{"id":44,"image_id":43,"category_id":1,"bbox":[80,92,119,104],"area":12376,"segmentation":[],"iscrowd":0},{"id":45,"image_id":44,"category_id":1,"bbox":[13,21,236,199],"area":46964,"segmentation":[],"iscrowd":0},{"id":46,"image_id":45,"category_id":1,"bbox":[6,79,182,116],"area":21112,"segmentation":[],"iscrowd":0},{"id":47,"image_id":46,"category_id":1,"bbox":[0,68,157,139],"area":21823,"segmentation":[],"iscrowd":0},{"id":48,"image_id":47,"category_id":1,"bbox":[20,65,192,157],"area":30144,"segmentation":[],"iscrowd":0},{"id":49,"image_id":48,"category_id":1,"bbox":[71,47,165,118],"area":19470,"segmentation":[],"iscrowd":0},{"id":50,"image_id":49,"category_id":1,"bbox":[0,77,214,160],"area":34240,"segmentation":[],"iscrowd":0},{"id":51,"image_id":50,"category_id":1,"bbox":[85,96,112,94],"area":10528,"segmentation":[],"iscrowd":0},{"id":52,"image_id":51,"category_id":1,"bbox":[17,61,197,164],"area":32308,"segmentation":[],"iscrowd":0},{"id":53,"image_id":52,"category_id":1,"bbox":[76,82,109,105],"area":11445,"segmentation":[],"iscrowd":0},{"id":54,"image_id":53,"category_id":1,"bbox":[75,81,173,151],"area":26123,"segmentation":[],"iscrowd":0},{"id":55,"image_id":54,"category_id":1,"bbox":[64,37,186,150],"area":27900,"segmentation":[],"iscrowd":0},{"id":56,"image_id":55,"category_id":1,"bbox":[12,55,178,124],"area":22072,"segmentation":[],"iscrowd":0},{"id":57,"image_id":56,"category_id":1,"bbox":[18,81,186,129],"area":23994,"segmentation":[],"iscrowd":0},{"id":58,"image_id":57,"category_id":1,"bbox":[28,61,180,146],"area":26280,"segmentation":[],"iscrowd":0},{"id":59,"image_id":58,"category_id":1,"bbox":[33,67,169,132],"area":22308,"segmentation":[],"iscrowd":0},{"id":60,"image_id":59,"category_id":1,"bbox":[19,47,194,167],"area":32398,"segmentation":[],"iscrowd":0},{"id":61,"image_id":60,"category_id":1,"bbox":[3,77,155,139],"area":21545,"segmentation":[],"iscrowd":0},{"id":62,"image_id":61,"category_id":1,"bbox":[73,90,143,90],"area":12870,"segmentation":[],"iscrowd":0},{"id":63,"image_id":62,"category_id":1,"bbox":[9,93,137,90],"area":12330,"segmentation":[],"iscrowd":0},{"id":64,"image_id":63,"category_id":1,"bbox":[115,57,141,155],"area":21855,"segmentation":[],"iscrowd":0},{"id":65,"image_id":64,"category_id":1,"bbox":[0,59,164,159],"area":26076,"segmentation":[],"iscrowd":0},{"id":66,"image_id":65,"category_id":1,"bbox":[66,76,186,166],"area":30876,"segmentation":[],"iscrowd":0},{"id":67,"image_id":66,"category_id":1,"bbox":[7,72,159,129],"area":20511,"segmentation":[],"iscrowd":0},{"id":68,"image_id":67,"category_id":1,"bbox":[15,90,169,123],"area":20787,"segmentation":[],"iscrowd":0},{"id":69,"image_id":68,"category_id":1,"bbox":[14,79,132,98],"area":12936,"segmentation":[],"iscrowd":0},{"id":70,"image_id":69,"category_id":1,"bbox":[0,52,197,144],"area":28368,"segmentation":[],"iscrowd":0},{"id":71,"image_id":70,"category_id":1,"bbox":[0,56,196,149],"area":29204,"segmentation":[],"iscrowd":0},{"id":72,"image_id":71,"category_id":1,"bbox":[2,87,198,124],"area":24552,"segmentation":[],"iscrowd":0},{"id":73,"image_id":72,"category_id":1,"bbox":[14,40,184,137],"area":25208,"segmentation":[],"iscrowd":0},{"id":74,"image_id":73,"category_id":1,"bbox":[0,59,164,159],"area":26076,"segmentation":[],"iscrowd":0},{"id":75,"image_id":74,"category_id":1,"bbox":[34,62,170,109],"area":18530,"segmentation":[],"iscrowd":0},{"id":76,"image_id":75,"category_id":1,"bbox":[40,59,162,127],"area":20574,"segmentation":[],"iscrowd":0},{"id":77,"image_id":76,"category_id":1,"bbox":[133,129,119,82],"area":9758,"segmentation":[],"iscrowd":0},{"id":78,"image_id":76,"category_id":1,"bbox":[64,64,111,88],"area":9768,"segmentation":[],"iscrowd":0},{"id":79,"image_id":77,"category_id":1,"bbox":[122,83,134,132],"area":17688,"segmentation":[],"iscrowd":0},{"id":80,"image_id":78,"category_id":1,"bbox":[32,57,175,118],"area":20650,"segmentation":[],"iscrowd":0},{"id":81,"image_id":79,"category_id":1,"bbox":[142,127,111,67],"area":7437,"segmentation":[],"iscrowd":0},{"id":82,"image_id":79,"category_id":1,"bbox":[65,72,102,75],"area":7650,"segmentation":[],"iscrowd":0},{"id":83,"image_id":80,"category_id":1,"bbox":[1,86,197,119],"area":23443,"segmentation":[],"iscrowd":0},{"id":84,"image_id":81,"category_id":1,"bbox":[6,75,183,111],"area":20313,"segmentation":[],"iscrowd":0},{"id":85,"image_id":82,"category_id":1,"bbox":[9,99,188,105],"area":19740,"segmentation":[],"iscrowd":0},{"id":86,"image_id":83,"category_id":1,"bbox":[30,51,182,129],"area":23478,"segmentation":[],"iscrowd":0},{"id":87,"image_id":84,"category_id":1,"bbox":[6,53,152,127],"area":19304,"segmentation":[],"iscrowd":0},{"id":88,"image_id":85,"category_id":1,"bbox":[114,91,125,102],"area":12750,"segmentation":[],"iscrowd":0},{"id":89,"image_id":86,"category_id":1,"bbox":[0,73,218,170],"area":37060,"segmentation":[],"iscrowd":0}]}